offeringID,product_key,SupplierKey,product_name,long_description,unit_retail,Supplier_name
02a2a5fd00b24bb39aa274235cc9746f,77bb36d4c76b43ecacf373bb9bbb0682,81706db084874876864c51e5355db6c2,"Steel Fugit Siding","Aut consequatur accusantium perferendis sit voluptatem. Perferendis sit consequatur accusantium aut voluptatem. Accusantium consequatur aut sit voluptatem perferendis. Aut accusantium voluptatem sit perferendis consequatur. Sit perferendis voluptatem consequatur aut accusantium.",15.3737984180,"DoloremqueAut & Sons"
03c275eb6c9c4fbb846decc719c5ae69,8f34a8a7bf8f4697b543ae1b77201862,5c2cfd0fd5774ce3bd064405bf111623,"Useful Quasi Tool","Aut sit voluptatem perferendis consequatur accusantium. Aut accusantium voluptatem sit perferendis consequatur. Accusantium aut voluptatem sit consequatur perferendis. Consequatur sit aut perferendis voluptatem accusantium. Consequatur perferendis sit accusantium voluptatem aut. Sit aut perferendis consequatur voluptatem accusantium. Aut sit consequatur accusantium voluptatem perferendis. Perferendis accusantium sit voluptatem consequatur aut. Perferendis voluptatem consequatur accusantium sit aut.",23.9280399818,"NequeOdit Inc."
0423cba1f1f443b0a0384b9ecf2542ff,19ec40e5453a401db5cb76616cec3e15,e3d118b9c1ac4ff7a957916a2333464d,"Multiple Nam Kit","Voluptatem sit perferendis aut consequatur accusantium. Perferendis aut consequatur sit accusantium voluptatem. Consequatur accusantium sit aut perferendis voluptatem. Sit consequatur aut accusantium voluptatem perferendis. Perferendis accusantium aut voluptatem sit consequatur. Aut sit consequatur voluptatem perferendis accusantium.",46.3114749953,"DignissimosAspernatur & Sons"
05a6b1465cc042af81b159f69e4ac8db,e2b6eab623cc432396309711c9e7318d,96dca214d0be49e49a2f2ba815f4e439,"Multiple Nobis Kit","Sit voluptatem accusantium aut consequatur perferendis. Consequatur sit aut voluptatem perferendis accusantium. Perferendis voluptatem consequatur aut accusantium sit. Voluptatem accusantium perferendis sit consequatur aut. Accusantium perferendis voluptatem aut consequatur sit. Aut accusantium perferendis consequatur voluptatem sit. Aut accusantium voluptatem sit perferendis consequatur. Aut sit consequatur accusantium voluptatem perferendis.",104.3493818011,"EumIn CO."
064f27db7bab4783a12263ae8bcd040c,1f53b7eecac941d2b71122e6f708dfe8,722d92d84abd452aa7b24003cb2fba84,"Wooden Sint Fencing","Perferendis voluptatem sit accusantium aut consequatur.",20.9783572310,"EarumEa Company"
0664aeda046241528087cc2762aebefd,4d9d6316aba24f93a36e1402d633eed9,f9e018aebdf94f4fba6e30ac36217fb1,"Steel Adipisci Siding","Accusantium sit aut perferendis consequatur voluptatem. Consequatur sit aut accusantium perferendis voluptatem. Voluptatem perferendis accusantium consequatur aut sit. Voluptatem perferendis sit accusantium consequatur aut. Aut sit perferendis voluptatem consequatur accusantium. Accusantium aut perferendis consequatur sit voluptatem. Consequatur aut sit voluptatem accusantium perferendis. Accusantium consequatur perferendis aut voluptatem sit.",8.0520319126,"MolestiaeQuae & Sons"
06bc8b3275ba4af5a45eff1345ff2a3b,f97258f7570e4270a5f7ba3a44799ea2,5e48dcb5015d45868186a143fddd2345,"Wooden Porro Fencing","Perferendis voluptatem consequatur aut sit accusantium. Voluptatem consequatur aut sit accusantium perferendis. Voluptatem accusantium aut sit consequatur perferendis. Perferendis aut sit voluptatem accusantium consequatur. Perferendis sit consequatur voluptatem accusantium aut. Consequatur aut accusantium sit perferendis voluptatem. Consequatur accusantium voluptatem aut perferendis sit. Consequatur voluptatem aut sit perferendis accusantium.",10.7587126587,"CumAccusamus CO."
0cf6c6ad83d34195beea6c6376d2fa06,76c93ccd8cd54d64aad961e4ca8722bb,3a645667c7664ed582308cbea27257d5,"Multiple Aliquam Kit","Accusantium voluptatem aut perferendis consequatur sit. Aut consequatur sit perferendis accusantium voluptatem.",6.4011895623,"ReiciendisCulpa CO."
103e18d44e8a498cbb8a062cef98073a,30a8106a342244b6a6e59370fc1d793f,9809da542cc04a26ae863628d5b10a9d,"Heavy Sequi Bucket","Aut accusantium consequatur voluptatem perferendis sit. Perferendis sit voluptatem accusantium aut consequatur. Accusantium perferendis voluptatem sit aut consequatur. Aut consequatur sit accusantium perferendis voluptatem.",4.6969185965,"RemLaudantium Inc."
1193be38feeb4ce2bf31bb9500525fd2,ce382ecd59ed4b8598f319e61ad9f6e5,c5b46c022ced47cc9459e51066ef1429,"Heavy Odio Bucket","Aut consequatur accusantium perferendis sit voluptatem. Aut sit voluptatem consequatur accusantium perferendis. Perferendis accusantium sit consequatur voluptatem aut.",26.2325474563,"UndeVel Supplier"
1442ac7d8fce436a87a7b7b04016c47a,bdcc2d4d19fa4f37aaaff50ddeb5d3b4,2737d2863ff14c0c93c804e0a3673371,"Useful Corporis Tool","Accusantium sit perferendis voluptatem consequatur aut. Perferendis consequatur aut voluptatem sit accusantium. Voluptatem sit aut accusantium perferendis consequatur. Voluptatem accusantium aut consequatur sit perferendis. Sit consequatur aut accusantium voluptatem perferendis. Voluptatem aut consequatur perferendis sit accusantium. Perferendis sit aut voluptatem accusantium consequatur. Aut sit voluptatem perferendis accusantium consequatur. Voluptatem sit accusantium aut consequatur perferendis.",12.6624406498,"EaqueVoluptas CO."
155f301bf0de41d7b10cd9d4180630b6,6f9f27076bf641a6b20efab41441c503,5ff960f81e034348a7f316204607f88d,"Useful Vero Tool","Perferendis voluptatem accusantium aut sit consequatur. Accusantium voluptatem perferendis aut consequatur sit. Accusantium consequatur voluptatem perferendis aut sit. Accusantium voluptatem aut perferendis consequatur sit.",15.8453522663,"HarumAspernatur Supplier"
1e34744dcbe4460c914ef0520951805a,ce382ecd59ed4b8598f319e61ad9f6e5,c5b46c022ced47cc9459e51066ef1429,"Heavy Odio Bucket","Aut consequatur accusantium perferendis sit voluptatem. Aut sit voluptatem consequatur accusantium perferendis. Perferendis accusantium sit consequatur voluptatem aut.",26.2325474563,"UndeVel Supplier"
1eb2e44592494dfd94be9a2795960831,d324a6930b41455195f4cb8cda07d39b,8e7c1258925a4feebf2bbbeb7a64fa7e,"Steel Qui Siding","Aut sit voluptatem consequatur perferendis accusantium. Accusantium aut perferendis consequatur sit voluptatem. Sit aut consequatur voluptatem accusantium perferendis. Perferendis consequatur aut accusantium voluptatem sit. Aut consequatur accusantium voluptatem sit perferendis. Accusantium aut sit consequatur perferendis voluptatem. Aut perferendis consequatur sit accusantium voluptatem. Perferendis consequatur aut sit voluptatem accusantium.",35.9853280421,"DolorAmet Inc."
1f23c9e41a934f04b92796f28f3ac399,537d8a842ecb46899dcb909b9c7cf3e1,259644cb49de48999bd0c82c7dc405e7,"Large Vel Case","Accusantium perferendis sit consequatur aut voluptatem. Aut accusantium sit voluptatem consequatur perferendis. Sit perferendis voluptatem consequatur accusantium aut. Voluptatem sit consequatur aut accusantium perferendis. Consequatur aut perferendis accusantium sit voluptatem.",14.8634079764,"AutemEt Supplier"
1f7277c2faa0446e963df00a2658069a,8c90cea328b5488e8e4777d6e5051f67,c1adf28806fe4acba9291d79e2540882,"Heavy Impedit Bucket","Sit voluptatem consequatur aut accusantium perferendis. Aut perferendis sit voluptatem consequatur accusantium. Consequatur voluptatem aut perferendis sit accusantium.",42.4802154689,"NonAlias CO."
231185ffc5b14f0683ffb640227a4d16,f9a651c0e40c435ba1c878e7283a5a9d,789ffe00f42f408280ce06547acb2103,"Useful Ut Tool","Sit aut perferendis accusantium consequatur voluptatem. Consequatur voluptatem aut sit accusantium perferendis. Perferendis sit accusantium consequatur voluptatem aut. Accusantium voluptatem perferendis consequatur aut sit. Consequatur voluptatem sit aut accusantium perferendis. Consequatur voluptatem perferendis sit accusantium aut. Perferendis sit accusantium voluptatem aut consequatur. Sit voluptatem accusantium aut consequatur perferendis.",36.9976094842,"OfficiisAut & Sons"
23536e0aecbd44b3a1b61b7e2724c05a,b6b3f3be94214c3f8c00426232063d58,16aff1e4451940a5ae6d04f45b088770,"Wooden Nesciunt Fencing","Consequatur voluptatem aut perferendis sit accusantium. Voluptatem aut accusantium sit perferendis consequatur.",70.6714586546,"MolestiasRepudiandae Inc."
24ce20820ece4d61be273a1bf815d8b2,034e62e92a1d439a9e15c17821414da5,af0ebf91b8b44ef79498d51f6b827c3b,"Useful Eveniet Tool","Voluptatem perferendis consequatur accusantium sit aut. Perferendis consequatur aut accusantium voluptatem sit. Accusantium perferendis sit consequatur aut voluptatem. Perferendis accusantium sit voluptatem aut consequatur. Aut perferendis voluptatem sit accusantium consequatur. Consequatur sit voluptatem aut perferendis accusantium. Perferendis accusantium sit consequatur voluptatem aut. Consequatur accusantium voluptatem perferendis aut sit. Consequatur perferendis voluptatem aut sit accusantium.",54.5807129067,"CorruptiEt & Sons"
2b376cb004784f5f9143b28c7b44eda2,8525028f053c41fd807b663dc2e89a8e,1c4e3172ed44450c95367fb9c38e58bd,"Wooden Voluptate Fencing","Sit aut accusantium perferendis consequatur voluptatem. Aut consequatur accusantium voluptatem sit perferendis. Accusantium consequatur voluptatem sit perferendis aut. Perferendis sit voluptatem aut accusantium consequatur.",52.2747114514,"IureUnde & Sons"
2c11176b07944e1494ae9e55650ee01c,1607c5cc2a85445b8ff375a7a18d67f2,77dff980238c470dae9fac298b4a9bc8,"Multiple Odit Kit","Perferendis accusantium aut voluptatem sit consequatur. Consequatur voluptatem perferendis sit accusantium aut. Perferendis consequatur aut sit accusantium voluptatem. Sit aut accusantium perferendis voluptatem consequatur. Perferendis aut consequatur voluptatem sit accusantium. Sit perferendis consequatur accusantium aut voluptatem. Consequatur sit voluptatem aut perferendis accusantium. Sit voluptatem perferendis aut consequatur accusantium. Perferendis sit accusantium voluptatem consequatur aut.",41.8193133910,"TotamNeque Inc."
2c765748336e4c92b8f4f5db78d281f3,0bfa5723e22b4cd1b4863fc8d9451ad1,dc7de42166684da6a721732c808546bd,"Steel Accusantium Siding","Sit voluptatem aut perferendis accusantium consequatur.",30.7111422211,"PariaturEos CO."
3053f477a10440e4b9118a3b130f5837,1678d89c467b4dd88284142220afab75,0070bba2db6f4d7699454e9d93dbb4a7,"Useful Magni Tool","Perferendis sit voluptatem accusantium aut consequatur. Voluptatem aut accusantium sit perferendis consequatur. Accusantium sit perferendis voluptatem consequatur aut. Perferendis consequatur sit voluptatem accusantium aut. Accusantium aut sit consequatur perferendis voluptatem. Aut sit voluptatem consequatur accusantium perferendis. Sit aut perferendis voluptatem consequatur accusantium. Voluptatem perferendis accusantium aut consequatur sit.",21.8347885875,"DoloresExplicabo Inc."
36a436501aa4437784502bd6f9c54617,ce899ae52e484857988430f3ec2e7bb1,dc7de42166684da6a721732c808546bd,"Multiple Fugiat Kit","Accusantium consequatur voluptatem aut perferendis sit.",30.1416372782,"PariaturEos CO."
3bd3266f62f24996b99ed7001b43c47c,81a5b57e8c04424b8f5d188f15e24e85,3bd339bc028040edbd5ab15a6ce6577e,"Wooden Amet Fencing","Accusantium aut consequatur perferendis sit voluptatem. Aut accusantium perferendis voluptatem consequatur sit. Perferendis aut consequatur sit voluptatem accusantium. Accusantium sit perferendis consequatur aut voluptatem. Voluptatem aut consequatur sit accusantium perferendis. Voluptatem sit consequatur accusantium aut perferendis.",63.9027901340,"QuaeratNatus & Sons"
3dcae7011bbc45bc97d86249fe1435af,9145fc7ea86848d3b7d4cd84318c1b39,dc7de42166684da6a721732c808546bd,"Multiple Dolor Kit","Aut perferendis consequatur sit voluptatem accusantium. Sit perferendis voluptatem accusantium aut consequatur. Consequatur voluptatem perferendis aut accusantium sit.",5.8602165317,"PariaturEos CO."
409b40fe58a6463391d84c81f4a15cde,6e9ce185e36d442782f0058aeb9ee010,d04dfbcf9d854055954a60fce4387277,"Heavy Nostrum Bucket","Voluptatem consequatur perferendis aut accusantium sit.",43.4923994510,"AtAtque Inc."
42e34da1d00e4aa0b5c4700115845993,f97258f7570e4270a5f7ba3a44799ea2,5e48dcb5015d45868186a143fddd2345,"Wooden Porro Fencing","Perferendis voluptatem consequatur aut sit accusantium. Voluptatem consequatur aut sit accusantium perferendis. Voluptatem accusantium aut sit consequatur perferendis. Perferendis aut sit voluptatem accusantium consequatur. Perferendis sit consequatur voluptatem accusantium aut. Consequatur aut accusantium sit perferendis voluptatem. Consequatur accusantium voluptatem aut perferendis sit. Consequatur voluptatem aut sit perferendis accusantium.",10.7587126587,"CumAccusamus CO."
4428e1915bfc44d6854a5ab9e131c9f6,c3ed8ea3535741c2aa580929d893b5c2,6f986b85c2c24fd4b106f05d4dec349e,"Multiple Cupiditate Kit","Aut voluptatem accusantium perferendis sit consequatur. Aut perferendis consequatur voluptatem sit accusantium. Consequatur aut sit voluptatem accusantium perferendis. Aut voluptatem accusantium sit perferendis consequatur. Consequatur accusantium perferendis voluptatem sit aut. Consequatur accusantium aut sit perferendis voluptatem. Aut voluptatem consequatur perferendis accusantium sit. Accusantium consequatur sit aut voluptatem perferendis. Consequatur accusantium perferendis aut voluptatem sit. Consequatur perferendis sit accusantium voluptatem aut.",10.2545127951,"EaRepellendus Company"
4592161031764e5eb1559e6898e25e55,00aff3726f8743548f4010b02fdb3d22,5c2cfd0fd5774ce3bd064405bf111623,"Useful Incidunt Tool","Aut accusantium sit consequatur perferendis voluptatem. Accusantium voluptatem perferendis consequatur aut sit. Perferendis accusantium aut sit voluptatem consequatur. Consequatur perferendis voluptatem accusantium aut sit. Sit perferendis accusantium consequatur voluptatem aut. Sit aut accusantium voluptatem consequatur perferendis.",48.6845743355,"NequeOdit Inc."
46faa37ae824419a85ab6f8d0a300545,0e334d3d220e4c9d83d8c39534049829,a14385f4bc65489da0b560f547c7bce0,"Multiple At Kit","Aut consequatur voluptatem perferendis accusantium sit. Perferendis aut accusantium consequatur sit voluptatem.",33.9353806740,"TeneturNostrum Incorporate"
4876aad6e15844b5b9f460506eae2b08,7fed0b44e57b43a59d286bd4dc116a41,27d5da4242d0433f9db9d4f1cb46e2dc,"Useful Harum Tool","Aut accusantium perferendis voluptatem sit consequatur. Accusantium perferendis voluptatem consequatur sit aut. Sit voluptatem consequatur accusantium perferendis aut. Consequatur voluptatem accusantium aut perferendis sit. Accusantium voluptatem perferendis aut consequatur sit. Accusantium aut perferendis voluptatem consequatur sit. Sit consequatur accusantium voluptatem aut perferendis.",2.6766532025,"AdTemporibus Incorporate"
497f56b12e0d47948634fa0ee7006e5f,db551005ee324be089df6fb617af2417,8e7c1258925a4feebf2bbbeb7a64fa7e,"Steel Ad Siding","Consequatur sit aut accusantium perferendis voluptatem. Perferendis accusantium sit voluptatem aut consequatur. Perferendis consequatur sit voluptatem aut accusantium. Consequatur accusantium perferendis voluptatem sit aut. Consequatur voluptatem accusantium sit aut perferendis. Voluptatem consequatur aut perferendis sit accusantium. Aut accusantium sit consequatur perferendis voluptatem. Voluptatem sit perferendis accusantium consequatur aut.",1.9361993493,"DolorAmet Inc."
4b8e62779c2f48b5887d0a780fc6752b,c736573f6d8f469ab879bc0e0d919b58,bbc6d19fe3144481b4077b2ed9aa3ebe,"Multiple Animi Kit","Sit aut consequatur voluptatem accusantium perferendis. Voluptatem accusantium consequatur perferendis sit aut. Perferendis accusantium sit consequatur voluptatem aut.",64.2497063602,"QuasiSunt & Sons"
4df4cbcd86944090b4e8b1203fbcc62c,de32fd244f6647a7b9037caadedbd04d,2737d2863ff14c0c93c804e0a3673371,"Small Reprehenderit Box","Voluptatem consequatur sit perferendis aut accusantium. Aut perferendis voluptatem consequatur accusantium sit. Consequatur aut accusantium perferendis voluptatem sit. Perferendis accusantium voluptatem sit consequatur aut. Voluptatem accusantium consequatur perferendis aut sit. Voluptatem accusantium consequatur perferendis aut sit. Sit consequatur accusantium perferendis aut voluptatem. Perferendis voluptatem consequatur aut sit accusantium.",2.5082674160,"EaqueVoluptas CO."
4e4a4524e55a4a60a8dff2a480e5a1bf,09b0ca8d82e04003909e78da1c8775f9,16aff1e4451940a5ae6d04f45b088770,"Heavy Nihil Bucket","Consequatur aut sit accusantium voluptatem perferendis. Voluptatem accusantium consequatur aut perferendis sit. Aut voluptatem perferendis consequatur accusantium sit. Sit accusantium consequatur aut perferendis voluptatem. Consequatur sit voluptatem accusantium aut perferendis.",146.2084609773,"MolestiasRepudiandae Inc."
51998e7d8e574a39ab0252f62a5348e5,88b170cb89ef4ccb87da1338c56df551,77dff980238c470dae9fac298b4a9bc8,"Multiple Vitae Kit","Sit aut voluptatem perferendis accusantium consequatur. Sit voluptatem consequatur accusantium aut perferendis. Accusantium sit aut consequatur voluptatem perferendis. Consequatur sit voluptatem perferendis aut accusantium. Aut sit consequatur accusantium voluptatem perferendis. Accusantium voluptatem aut consequatur sit perferendis. Sit accusantium voluptatem aut consequatur perferendis. Accusantium consequatur perferendis aut voluptatem sit. Voluptatem consequatur sit perferendis accusantium aut.",39.5803459636,"TotamNeque Inc."
51dd6f1e175c4e5ebd03a4d441037cbd,687a5b9ac9e647c392acd457ef8988d9,48f24c00bbcc471ba82a38f723e8fcfb,"Heavy Veniam Bucket","Consequatur perferendis accusantium sit aut voluptatem. Voluptatem accusantium consequatur perferendis aut sit. Accusantium perferendis sit aut voluptatem consequatur. Perferendis accusantium voluptatem aut consequatur sit.",5.0573430106,"DelectusDolorem & Sons"
52300ad2b85049f5983215930f3c2a98,88b170cb89ef4ccb87da1338c56df551,77dff980238c470dae9fac298b4a9bc8,"Multiple Vitae Kit","Sit aut voluptatem perferendis accusantium consequatur. Sit voluptatem consequatur accusantium aut perferendis. Accusantium sit aut consequatur voluptatem perferendis. Consequatur sit voluptatem perferendis aut accusantium. Aut sit consequatur accusantium voluptatem perferendis. Accusantium voluptatem aut consequatur sit perferendis. Sit accusantium voluptatem aut consequatur perferendis. Accusantium consequatur perferendis aut voluptatem sit. Voluptatem consequatur sit perferendis accusantium aut.",39.5803459636,"TotamNeque Inc."
5262e9c3b2bb4737a99ebb906235f176,ce899ae52e484857988430f3ec2e7bb1,dc7de42166684da6a721732c808546bd,"Multiple Fugiat Kit","Accusantium consequatur voluptatem aut perferendis sit.",30.1416372782,"PariaturEos CO."
54cf9c3f88894d8c8d81ab7bd9f42d8e,fca4b100405845029f0406af427edb60,650f43e12d0a4271b904015724c7685a,"Multiple Occaecati Kit","Accusantium perferendis voluptatem consequatur sit aut. Aut perferendis voluptatem consequatur sit accusantium. Aut sit accusantium perferendis consequatur voluptatem. Voluptatem consequatur accusantium sit aut perferendis. Sit accusantium aut voluptatem consequatur perferendis. Sit voluptatem consequatur aut accusantium perferendis. Accusantium voluptatem perferendis consequatur sit aut. Consequatur sit perferendis voluptatem aut accusantium. Accusantium consequatur voluptatem sit aut perferendis.",66.1891667781,"ErrorIpsa CO."
5652472ad31a461aa776f5e208b64583,520f78d3571d4d508384ff8bfeb549f8,d5dd1baea8054b0abe55852a9bd03e34,"Small Pariatur Box","Sit aut voluptatem accusantium consequatur perferendis. Sit accusantium voluptatem perferendis consequatur aut. Perferendis voluptatem aut accusantium sit consequatur. Sit perferendis consequatur voluptatem accusantium aut. Accusantium sit voluptatem perferendis aut consequatur. Sit consequatur perferendis voluptatem aut accusantium. Accusantium sit aut consequatur perferendis voluptatem. Aut consequatur voluptatem accusantium sit perferendis. Sit consequatur aut voluptatem perferendis accusantium. Aut perferendis voluptatem consequatur accusantium sit.",66.7008055912,"SedEx Company"
59c2a993712f4b7e97b939c1de5a41a0,a20b297e3f2d43268d037ce444f679d2,833d602f1e454060a3e214010a746a27,"Large Excepturi Case","Perferendis consequatur voluptatem aut accusantium sit.",28.0404870778,"LaborumDucimus Supplier"
5ad0a7a4a18a42189a3f58eccd4df134,9355d853c8bd4337ae8dd5a3680bb979,08ed3be014194feab10a409af560a1bf,"Useful Et Tool","Aut sit voluptatem consequatur perferendis accusantium. Aut consequatur accusantium perferendis sit voluptatem. Sit aut accusantium consequatur perferendis voluptatem. Accusantium perferendis aut voluptatem sit consequatur. Accusantium perferendis consequatur sit voluptatem aut. Aut perferendis consequatur sit accusantium voluptatem.",88.6930263359,"QuasMollitia CO."
5b2c961e73c24a9b8c57b66d8c7cab02,ebfeb3176b784fdcafe74e54eb966347,1922ad80567d49f1b1f3af71cfaf343f,"Small Ipsam Box","Consequatur perferendis sit voluptatem aut accusantium. Consequatur aut perferendis accusantium sit voluptatem. Accusantium aut perferendis sit voluptatem consequatur. Consequatur sit perferendis accusantium aut voluptatem. Perferendis accusantium sit voluptatem aut consequatur. Consequatur aut voluptatem perferendis accusantium sit. Perferendis voluptatem consequatur sit accusantium aut. Consequatur accusantium perferendis sit voluptatem aut. Voluptatem consequatur aut accusantium sit perferendis. Consequatur sit aut perferendis accusantium voluptatem.",18.0978417281,"RerumVoluptates Inc."
5ebc64a136194e2fbfad55c6f666b775,29ffa663cc4c40e6b8ece3269a846533,3bd339bc028040edbd5ab15a6ce6577e,"Heavy Eaque Bucket","Perferendis consequatur accusantium voluptatem aut sit. Voluptatem aut sit accusantium perferendis consequatur. Perferendis sit accusantium voluptatem aut consequatur. Aut accusantium perferendis voluptatem consequatur sit. Sit aut voluptatem perferendis accusantium consequatur. Aut voluptatem consequatur accusantium sit perferendis. Aut accusantium perferendis sit voluptatem consequatur.",55.2209628595,"QuaeratNatus & Sons"
634e001951194c1ea69118b7814ce55a,61d9d90a13464f458be8e4a9f3edc349,9a1daee8dd934f9a8b7da73274711d1c,"Large Quidem Case","Aut accusantium voluptatem consequatur sit perferendis. Voluptatem perferendis accusantium aut consequatur sit. Accusantium consequatur aut sit voluptatem perferendis. Perferendis aut consequatur voluptatem sit accusantium. Aut consequatur perferendis sit accusantium voluptatem. Accusantium aut consequatur sit voluptatem perferendis. Aut perferendis sit voluptatem accusantium consequatur. Accusantium sit perferendis aut consequatur voluptatem. Perferendis accusantium consequatur aut voluptatem sit.",24.7073680527,"MaioresOccaecati & Sons"
64fd788d3c2244918243b8a49334c9a9,a8ae5372cc54421095083287af4c66d5,f9a1a86c01084c03adbdffdfa27b78ea,"Useful Dolorem Tool","Aut voluptatem perferendis accusantium consequatur sit. Accusantium aut voluptatem sit consequatur perferendis. Accusantium perferendis sit consequatur aut voluptatem. Aut voluptatem sit perferendis consequatur accusantium. Aut accusantium consequatur voluptatem sit perferendis. Voluptatem consequatur perferendis accusantium aut sit. Accusantium aut perferendis consequatur voluptatem sit. Voluptatem aut consequatur sit accusantium perferendis.",51.2326298524,"PlaceatRerum CO."
66f5d79fc35a415dae96807e3aab0bf2,9145fc7ea86848d3b7d4cd84318c1b39,dc7de42166684da6a721732c808546bd,"Multiple Dolor Kit","Aut perferendis consequatur sit voluptatem accusantium. Sit perferendis voluptatem accusantium aut consequatur. Consequatur voluptatem perferendis aut accusantium sit.",5.8602165317,"PariaturEos CO."
693b76c0b6a34dbeb944789521ccd9cb,d8dec22e1b8e451699216f95cea0858d,a948dec440fe4058a717256313692b3d,"Multiple Doloribus Kit","Aut consequatur perferendis accusantium voluptatem sit. Accusantium sit consequatur voluptatem aut perferendis. Aut accusantium sit consequatur perferendis voluptatem. Perferendis accusantium voluptatem consequatur sit aut. Accusantium perferendis consequatur sit voluptatem aut. Accusantium perferendis sit voluptatem consequatur aut.",5.2964858625,"AutAt Supplier"
6eae494b4fe244739666243b99034473,4d187da9763b4e5ba06627f584327092,9a1daee8dd934f9a8b7da73274711d1c,"Multiple Cum Kit","Voluptatem consequatur accusantium sit perferendis aut. Accusantium perferendis voluptatem sit consequatur aut. Perferendis voluptatem accusantium sit consequatur aut. Sit perferendis voluptatem consequatur aut accusantium. Sit accusantium perferendis aut consequatur voluptatem. Consequatur perferendis sit aut accusantium voluptatem. Aut consequatur accusantium voluptatem sit perferendis. Accusantium consequatur sit aut voluptatem perferendis. Consequatur aut voluptatem perferendis accusantium sit. Sit perferendis consequatur aut accusantium voluptatem.",9.8937526309,"MaioresOccaecati & Sons"
6f0d68903c924dcf8af80af24ad639b5,d2520e0de46744adae76f435fc41aa0c,fa320a5611e74b199fc65a3337df2970,"Small Repellendus Box","Consequatur accusantium aut voluptatem sit perferendis. Aut accusantium sit voluptatem perferendis consequatur.",15.3042749589,"CommodiNesciunt Company"
711b9e9dac134427a0bcec28f1036720,4873696561a947a3ae5d1afe6a3f8ea0,650f43e12d0a4271b904015724c7685a,"Heavy Ducimus Bucket","Aut accusantium consequatur sit perferendis voluptatem. Aut consequatur accusantium voluptatem sit perferendis. Consequatur perferendis sit aut voluptatem accusantium.",143.2137925101,"ErrorIpsa CO."
7210e42e83174cbfb86d7e3fa223e465,8c90cea328b5488e8e4777d6e5051f67,c1adf28806fe4acba9291d79e2540882,"Heavy Impedit Bucket","Sit voluptatem consequatur aut accusantium perferendis. Aut perferendis sit voluptatem consequatur accusantium. Consequatur voluptatem aut perferendis sit accusantium.",42.4802154689,"NonAlias CO."
72951595387648b48ca7dcb5e3f684d9,e8dc6a1ca17241e5b2cb32e745150e46,27d5da4242d0433f9db9d4f1cb46e2dc,"Steel Maiores Siding","Sit perferendis aut accusantium consequatur voluptatem. Sit accusantium aut voluptatem perferendis consequatur. Perferendis voluptatem consequatur sit aut accusantium. Perferendis sit aut consequatur voluptatem accusantium. Accusantium aut voluptatem sit consequatur perferendis.",3.8258702081,"AdTemporibus Incorporate"
732d432393aa4d94af995b6d8803a09e,c847de7fbf6c4e7cb14a7bc7a91ec8bd,5ff960f81e034348a7f316204607f88d,"Small Assumenda Box","Sit perferendis consequatur voluptatem aut accusantium. Sit voluptatem aut perferendis consequatur accusantium.",14.4406528711,"HarumAspernatur Supplier"
7559bec5fe3a4e77b243f7615bcd944c,d18473e7b13744f695f01447575bbff2,f753a55455524d7088ffd67839bbc355,"Wooden Iusto Fencing","Accusantium consequatur sit aut perferendis voluptatem. Aut voluptatem accusantium perferendis sit consequatur. Aut sit voluptatem consequatur perferendis accusantium. Voluptatem consequatur aut accusantium perferendis sit. Aut sit perferendis voluptatem consequatur accusantium.",28.1426905520,"ProvidentPerferendis & Sons"
7ad763894867429286430adc640a5f47,372cc78730564184ae9e83edb5a6a2ee,1c4e3172ed44450c95367fb9c38e58bd,"Wooden Non Fencing","Accusantium consequatur perferendis aut voluptatem sit. Perferendis sit consequatur aut accusantium voluptatem.",14.1167009510,"IureUnde & Sons"
7bb750a828f34b8ab1a811259ada5682,18279a5eead645bf9dc8468f890d2eb7,3bd339bc028040edbd5ab15a6ce6577e,"Heavy Perspiciatis Bucket","Voluptatem consequatur perferendis aut accusantium sit.",9.1646960507,"QuaeratNatus & Sons"
7cad62b07ee2419b897389d6e9659233,c1efc2f1ee7940fb843a3ef734daae6b,9809da542cc04a26ae863628d5b10a9d,"Useful Consectetur Tool","Perferendis aut sit voluptatem consequatur accusantium. Aut consequatur voluptatem accusantium perferendis sit. Perferendis consequatur sit accusantium voluptatem aut. Consequatur aut accusantium perferendis voluptatem sit.",4.9002383884,"RemLaudantium Inc."
7e248a35b976483eb1b609ce86e39547,db551005ee324be089df6fb617af2417,8e7c1258925a4feebf2bbbeb7a64fa7e,"Steel Ad Siding","Consequatur sit aut accusantium perferendis voluptatem. Perferendis accusantium sit voluptatem aut consequatur. Perferendis consequatur sit voluptatem aut accusantium. Consequatur accusantium perferendis voluptatem sit aut. Consequatur voluptatem accusantium sit aut perferendis. Voluptatem consequatur aut perferendis sit accusantium. Aut accusantium sit consequatur perferendis voluptatem. Voluptatem sit perferendis accusantium consequatur aut.",1.9361993493,"DolorAmet Inc."
7fb3c82b6c54497abc91dbb190c9e1e4,30d8fa74c16f48c0b8fb1f5cd753e276,3a645667c7664ed582308cbea27257d5,"Useful Dicta Tool","Voluptatem sit consequatur accusantium aut perferendis. Accusantium perferendis aut sit consequatur voluptatem. Sit perferendis consequatur accusantium aut voluptatem. Accusantium sit aut consequatur perferendis voluptatem. Voluptatem accusantium aut perferendis sit consequatur. Voluptatem consequatur perferendis sit accusantium aut. Accusantium consequatur aut perferendis voluptatem sit.",111.9790968378,"ReiciendisCulpa CO."
80b7a44af487483c90be9ac4bfe38b8b,511c24e93fb840438e928f9f7fbe9cea,6bda4ac17a6349578571f84c69bbe889,"Steel Reiciendis Siding","Sit consequatur perferendis accusantium voluptatem aut. Aut accusantium consequatur sit voluptatem perferendis. Perferendis consequatur aut sit voluptatem accusantium.",39.6965625762,"SolutaSimilique Inc."
824b8f8784a44587af8e42b531dd890b,f5c07e659a7d4d96bd7f939285a7b539,4d26ca0bd5294a89aa2f7670f28a43dc,"Small Veritatis Box","Aut consequatur accusantium sit perferendis voluptatem. Sit voluptatem consequatur perferendis aut accusantium. Consequatur accusantium aut voluptatem sit perferendis. Perferendis consequatur sit aut accusantium voluptatem. Perferendis voluptatem accusantium aut consequatur sit. Voluptatem accusantium sit consequatur aut perferendis.",5.9340494110,"DoloreRepudiandae Company"
8a8b91e474b948028606820968f05d95,8163d17a4609452392fdbc3a75596621,5ff960f81e034348a7f316204607f88d,"Wooden Tenetur Fencing","Aut consequatur voluptatem perferendis sit accusantium.",64.0053667410,"HarumAspernatur Supplier"
8bb15e02f3b341a5a960c164ed559dce,e28b7ef3579f42be92f10ea51c03a068,27d5da4242d0433f9db9d4f1cb46e2dc,"Useful Aut Tool","Voluptatem accusantium perferendis consequatur aut sit. Voluptatem consequatur accusantium perferendis aut sit. Accusantium perferendis consequatur sit voluptatem aut. Accusantium consequatur sit perferendis aut voluptatem. Accusantium aut sit voluptatem perferendis consequatur. Perferendis voluptatem consequatur accusantium aut sit. Aut voluptatem accusantium sit consequatur perferendis. Voluptatem sit perferendis consequatur aut accusantium. Sit accusantium consequatur voluptatem perferendis aut. Aut perferendis consequatur voluptatem accusantium sit.",66.7599956823,"AdTemporibus Incorporate"
8ecdfb26b31748ad99927e49b53bd509,8f34a8a7bf8f4697b543ae1b77201862,5c2cfd0fd5774ce3bd064405bf111623,"Useful Quasi Tool","Aut sit voluptatem perferendis consequatur accusantium. Aut accusantium voluptatem sit perferendis consequatur. Accusantium aut voluptatem sit consequatur perferendis. Consequatur sit aut perferendis voluptatem accusantium. Consequatur perferendis sit accusantium voluptatem aut. Sit aut perferendis consequatur voluptatem accusantium. Aut sit consequatur accusantium voluptatem perferendis. Perferendis accusantium sit voluptatem consequatur aut. Perferendis voluptatem consequatur accusantium sit aut.",23.9280399818,"NequeOdit Inc."
8ff82abc4f954587b8230198e9209ae6,ce899ae52e484857988430f3ec2e7bb1,dc7de42166684da6a721732c808546bd,"Multiple Fugiat Kit","Accusantium consequatur voluptatem aut perferendis sit.",30.1416372782,"PariaturEos CO."
90918684606b4dabbd511b5c3cc198bc,50e94105c4da4fcf8a7e31650c9418eb,0b89f6cb052f43438c85eebfdbdc99d7,"Large Quo Case","Voluptatem consequatur aut perferendis sit accusantium. Voluptatem accusantium sit aut perferendis consequatur. Accusantium consequatur voluptatem aut perferendis sit. Sit accusantium voluptatem aut perferendis consequatur. Accusantium consequatur voluptatem aut perferendis sit. Consequatur aut accusantium sit voluptatem perferendis.",56.7066444761,"IpsamEst Company"
909446d68df340519a331637a4e47eb6,9f39a48458e84c5ca7d0756b9fbe0fd5,c5b46c022ced47cc9459e51066ef1429,"Small Id Box","Perferendis accusantium sit consequatur voluptatem aut. Perferendis consequatur voluptatem sit accusantium aut. Perferendis voluptatem aut consequatur accusantium sit.",18.3214952257,"UndeVel Supplier"
90e03b5bd80547f0be05eea37835e2c6,c97c4460f8c5444c886687cffe3633b0,5bd9e0e61ca5407a8b61847e981e87bf,"Wooden Numquam Fencing","Perferendis consequatur voluptatem accusantium sit aut. Perferendis voluptatem aut accusantium consequatur sit. Voluptatem sit perferendis accusantium consequatur aut. Sit perferendis aut consequatur voluptatem accusantium. Sit accusantium voluptatem perferendis aut consequatur. Consequatur aut perferendis voluptatem sit accusantium. Perferendis voluptatem consequatur aut accusantium sit. Accusantium perferendis sit consequatur aut voluptatem. Consequatur aut perferendis sit voluptatem accusantium.",2.4044433692,"ImpeditAtque CO."
9235485e1b35491788f8efcb3d1b8c23,b835aa709be94b848b55cac4a9a9dd51,e9409e8307ec45d796bc38cce9d350a7,"Heavy Voluptates Bucket","Accusantium consequatur sit perferendis voluptatem aut. Voluptatem consequatur accusantium sit perferendis aut. Accusantium consequatur voluptatem perferendis sit aut. Voluptatem perferendis sit accusantium aut consequatur. Aut consequatur sit accusantium perferendis voluptatem.",7.8344666362,"IllumQuos Supplier"
952df80e436a420b9bc20135afb72402,29ffa663cc4c40e6b8ece3269a846533,3bd339bc028040edbd5ab15a6ce6577e,"Heavy Eaque Bucket","Perferendis consequatur accusantium voluptatem aut sit. Voluptatem aut sit accusantium perferendis consequatur. Perferendis sit accusantium voluptatem aut consequatur. Aut accusantium perferendis voluptatem consequatur sit. Sit aut voluptatem perferendis accusantium consequatur. Aut voluptatem consequatur accusantium sit perferendis. Aut accusantium perferendis sit voluptatem consequatur.",55.2209628595,"QuaeratNatus & Sons"
9a45259e58384e628a823e52d2c85427,08c879bb4b6a4c3da315b6b7efcec992,833d602f1e454060a3e214010a746a27,"Wooden Facilis Fencing","Consequatur perferendis sit accusantium voluptatem aut. Consequatur voluptatem perferendis accusantium aut sit. Accusantium voluptatem sit aut perferendis consequatur. Sit accusantium voluptatem aut consequatur perferendis. Consequatur voluptatem accusantium sit perferendis aut. Aut accusantium voluptatem perferendis sit consequatur. Aut consequatur accusantium perferendis sit voluptatem. Consequatur sit aut accusantium perferendis voluptatem. Consequatur perferendis aut voluptatem sit accusantium.",16.1041068110,"LaborumDucimus Supplier"
9bd12d3f1a1e4da08ee4ccc6dc994358,30d8fa74c16f48c0b8fb1f5cd753e276,3a645667c7664ed582308cbea27257d5,"Useful Dicta Tool","Voluptatem sit consequatur accusantium aut perferendis. Accusantium perferendis aut sit consequatur voluptatem. Sit perferendis consequatur accusantium aut voluptatem. Accusantium sit aut consequatur perferendis voluptatem. Voluptatem accusantium aut perferendis sit consequatur. Voluptatem consequatur perferendis sit accusantium aut. Accusantium consequatur aut perferendis voluptatem sit.",111.9790968378,"ReiciendisCulpa CO."
9c04b15b5afe49c88a34ad635aaa72d6,17da671b95cc4a6ebdd32548fac4f057,a0fe26b4d58e4d54892a99043038ad4d,"Useful Laboriosam Tool","Voluptatem aut perferendis sit consequatur accusantium. Aut sit accusantium consequatur perferendis voluptatem. Aut accusantium voluptatem perferendis consequatur sit. Sit consequatur accusantium aut perferendis voluptatem. Accusantium voluptatem consequatur aut sit perferendis.",1.1224145966,"VoluptatemNecessitatibus Incorporate"
9c709a7ce1744ece89ef12f52b1c2c37,738aeb8720dd49429ac1221aacd5af92,2737d2863ff14c0c93c804e0a3673371,"Small Neque Box","Voluptatem consequatur sit aut perferendis accusantium. Aut accusantium voluptatem sit consequatur perferendis. Perferendis accusantium sit voluptatem consequatur aut. Consequatur sit accusantium voluptatem perferendis aut. Sit perferendis voluptatem accusantium aut consequatur. Consequatur perferendis sit aut accusantium voluptatem. Accusantium consequatur aut perferendis sit voluptatem. Voluptatem sit consequatur perferendis aut accusantium. Perferendis aut sit accusantium voluptatem consequatur.",43.8335958875,"EaqueVoluptas CO."
9ca84eefcfe04c7eab59832728566184,77bb36d4c76b43ecacf373bb9bbb0682,81706db084874876864c51e5355db6c2,"Steel Fugit Siding","Aut consequatur accusantium perferendis sit voluptatem. Perferendis sit consequatur accusantium aut voluptatem. Accusantium consequatur aut sit voluptatem perferendis. Aut accusantium voluptatem sit perferendis consequatur. Sit perferendis voluptatem consequatur aut accusantium.",15.3737984180,"DoloremqueAut & Sons"
a173a55a362f4466831c3b59a339b12b,b6526fcb36904b3dbd323e0d056f8f84,7ec36ce49ad24619a1bd38510bd1e8e4,"Large Quae Case","Perferendis sit consequatur accusantium voluptatem aut. Sit perferendis aut voluptatem accusantium consequatur. Perferendis consequatur aut sit accusantium voluptatem. Sit aut accusantium voluptatem consequatur perferendis. Accusantium aut sit perferendis voluptatem consequatur. Sit aut perferendis accusantium voluptatem consequatur. Perferendis accusantium consequatur sit aut voluptatem.",8.5770079895,"OmnisEx Incorporate"
a495a219287d4cc18026f3f5a0e3d652,bb67c833dce144d9a3782234c13d887f,fa320a5611e74b199fc65a3337df2970,"Wooden Velit Fencing","Consequatur perferendis aut voluptatem accusantium sit. Perferendis accusantium aut voluptatem sit consequatur. Voluptatem perferendis accusantium consequatur aut sit. Consequatur accusantium voluptatem sit perferendis aut.",3.8073481716,"CommodiNesciunt Company"
a4b1352ae03642ab8aa3d8f630e51256,18279a5eead645bf9dc8468f890d2eb7,3bd339bc028040edbd5ab15a6ce6577e,"Heavy Perspiciatis Bucket","Voluptatem consequatur perferendis aut accusantium sit.",9.1646960507,"QuaeratNatus & Sons"
a66bcbbc20034a0b97b52b9fb4490a64,7f58a63ca02d4c41b28c481449af246f,c5b46c022ced47cc9459e51066ef1429,"Steel Sit Siding","Aut sit accusantium consequatur perferendis voluptatem. Perferendis consequatur aut voluptatem sit accusantium. Voluptatem perferendis aut consequatur sit accusantium. Perferendis aut sit voluptatem consequatur accusantium. Consequatur voluptatem sit accusantium perferendis aut.",17.8195675780,"UndeVel Supplier"
a6b5c41656c841d9b4335a5eed02f105,43144835a6d8440390a13687e2544d72,1f338befe93a4384a728369174c0e9cb,"Multiple Sed Kit","Consequatur perferendis voluptatem sit aut accusantium. Voluptatem accusantium perferendis consequatur aut sit. Perferendis aut accusantium voluptatem sit consequatur.",4.2025793297,"VoluptatibusEarum Company"
aa33a4d7787e4f5fb171b29e19fdb9b3,aad4e127285646d08081038953a4a098,f9e018aebdf94f4fba6e30ac36217fb1,"Large Aspernatur Case","Voluptatem consequatur perferendis sit aut accusantium. Accusantium perferendis sit voluptatem aut consequatur.",4.0304514352,"MolestiaeQuae & Sons"
ab7d900f79654c24baff4233281fbc89,b6b3f3be94214c3f8c00426232063d58,16aff1e4451940a5ae6d04f45b088770,"Wooden Nesciunt Fencing","Consequatur voluptatem aut perferendis sit accusantium. Voluptatem aut accusantium sit perferendis consequatur.",70.6714586546,"MolestiasRepudiandae Inc."
ab9ce373542f4895aa2b490ac683c677,243431cb508840d8884e0df058f08455,e3d118b9c1ac4ff7a957916a2333464d,"Heavy Voluptatum Bucket","Aut consequatur accusantium sit perferendis voluptatem.",3.7642779445,"DignissimosAspernatur & Sons"
ac429141cea04768aa295cab1be2551d,d2520e0de46744adae76f435fc41aa0c,fa320a5611e74b199fc65a3337df2970,"Small Repellendus Box","Consequatur accusantium aut voluptatem sit perferendis. Aut accusantium sit voluptatem perferendis consequatur.",15.3042749589,"CommodiNesciunt Company"
ac504d95a4f64db99fa0026d16ab66a8,4d207a7fde1a43d189c5a67759c78b5a,650f43e12d0a4271b904015724c7685a,"Useful Dolorum Tool","Consequatur accusantium sit perferendis aut voluptatem. Sit perferendis consequatur aut accusantium voluptatem. Accusantium perferendis voluptatem consequatur sit aut.",82.9490739418,"ErrorIpsa CO."
ace523ffec8a494c9881053106f02642,738aeb8720dd49429ac1221aacd5af92,2737d2863ff14c0c93c804e0a3673371,"Small Neque Box","Voluptatem consequatur sit aut perferendis accusantium. Aut accusantium voluptatem sit consequatur perferendis. Perferendis accusantium sit voluptatem consequatur aut. Consequatur sit accusantium voluptatem perferendis aut. Sit perferendis voluptatem accusantium aut consequatur. Consequatur perferendis sit aut accusantium voluptatem. Accusantium consequatur aut perferendis sit voluptatem. Voluptatem sit consequatur perferendis aut accusantium. Perferendis aut sit accusantium voluptatem consequatur.",43.8335958875,"EaqueVoluptas CO."
adb44c4d45a9489fa5cc080227e35db4,42a3b42030fc4ed3acdcff3ab3cd2f07,c5b46c022ced47cc9459e51066ef1429,"Useful Error Tool","Aut accusantium voluptatem consequatur perferendis sit.",38.3478500658,"UndeVel Supplier"
aec4534472a8490e87e05b06e5284297,da80eb4711244db4a15bea284c6b9321,3a79c93abd704112b6de24190a2ce009,"Wooden Doloremque Fencing","Perferendis sit voluptatem accusantium aut consequatur. Aut perferendis accusantium voluptatem consequatur sit.",63.9876650733,"ExplicaboLaborum Supplier"
b3042401f7cf476aad0c932f20a1ed40,674eb4ee5de04f3c93bf6ccf71182efd,833d602f1e454060a3e214010a746a27,"Useful Nisi Tool","Consequatur sit accusantium voluptatem aut perferendis. Consequatur aut voluptatem accusantium perferendis sit. Aut voluptatem consequatur perferendis sit accusantium. Sit voluptatem perferendis aut accusantium consequatur.",11.4248043669,"LaborumDucimus Supplier"
b617de1feacb4f4daf2337bdc692ee39,1f53b7eecac941d2b71122e6f708dfe8,722d92d84abd452aa7b24003cb2fba84,"Wooden Sint Fencing","Perferendis voluptatem sit accusantium aut consequatur.",20.9783572310,"EarumEa Company"
b8e81116f45544e5bccf8c907ebffcb9,2150167cfe4f473fbd18ff0a7e87102a,6ffaa1a3963e4071b5f34509ecb433ba,"Multiple Est Kit","Voluptatem aut accusantium perferendis sit consequatur. Accusantium perferendis consequatur voluptatem aut sit. Consequatur perferendis accusantium sit voluptatem aut. Consequatur accusantium sit voluptatem aut perferendis. Sit voluptatem perferendis accusantium aut consequatur. Sit aut consequatur voluptatem perferendis accusantium.",29.5451260318,"EiusNumquam Supplier"
bd380bf426924deebb1aff20cda36d0b,19de675da674493a95044a1e1241992f,cea711a90b6446fd9c557ef0789d1449,"Small Soluta Box","Aut consequatur perferendis voluptatem sit accusantium. Aut sit accusantium consequatur perferendis voluptatem. Consequatur sit perferendis aut accusantium voluptatem. Voluptatem consequatur aut sit accusantium perferendis. Consequatur aut sit voluptatem perferendis accusantium. Sit voluptatem consequatur aut accusantium perferendis. Accusantium perferendis aut sit voluptatem consequatur. Aut perferendis accusantium consequatur voluptatem sit.",25.7128984111,"RepellendusVel & Sons"
c3a008215f754b3597904e7f48373aae,92a896a59649416c8a85262df5d3fa9e,48f24c00bbcc471ba82a38f723e8fcfb,"Small Inventore Box","Voluptatem sit perferendis aut accusantium consequatur. Consequatur voluptatem accusantium aut sit perferendis. Sit perferendis accusantium voluptatem aut consequatur. Voluptatem aut consequatur sit accusantium perferendis. Accusantium aut sit consequatur voluptatem perferendis. Perferendis aut accusantium voluptatem sit consequatur. Aut consequatur accusantium sit voluptatem perferendis. Consequatur perferendis aut sit voluptatem accusantium.",3.1961408950,"DelectusDolorem & Sons"
c67654f5f9204c1ab55c214c213390da,eb6cacf34d1f423c8730c77c4c6c845d,a14385f4bc65489da0b560f547c7bce0,"Heavy Eius Bucket","Sit perferendis aut accusantium consequatur voluptatem. Sit accusantium voluptatem perferendis consequatur aut. Perferendis aut voluptatem consequatur sit accusantium. Voluptatem sit perferendis accusantium consequatur aut. Accusantium aut sit voluptatem consequatur perferendis. Accusantium aut sit voluptatem consequatur perferendis.",20.8369040280,"TeneturNostrum Incorporate"
c70df8f8c98944b5a76e8feaa91a0fdf,b079b6b431424e8a8f9fc08096373c85,382980641e244c7384863c6dfa7db0eb,"Multiple Consequuntur Kit","Sit accusantium consequatur aut voluptatem perferendis. Accusantium voluptatem aut consequatur perferendis sit. Accusantium perferendis sit voluptatem aut consequatur. Aut accusantium voluptatem perferendis sit consequatur. Voluptatem accusantium perferendis sit aut consequatur. Consequatur accusantium voluptatem sit aut perferendis.",22.5642536344,"QuiaReprehenderit & Sons"
c7891150dc474cb38845382b411f148d,6a2a8b1cb3374fafa09184b0bd79f813,a0fe26b4d58e4d54892a99043038ad4d,"Wooden Alias Fencing","Consequatur aut perferendis sit voluptatem accusantium. Consequatur aut sit voluptatem perferendis accusantium. Aut consequatur sit voluptatem perferendis accusantium.",61.8735465293,"VoluptatemNecessitatibus Incorporate"
c7c2d7ff8ee64051874d6b9e80213b65,e28c316e57cd429f9a4d3ebc7e890234,d5dd1baea8054b0abe55852a9bd03e34,"Multiple Maxime Kit","Voluptatem perferendis consequatur accusantium aut sit. Perferendis aut voluptatem accusantium sit consequatur. Voluptatem sit accusantium perferendis aut consequatur. Accusantium perferendis aut sit voluptatem consequatur. Sit consequatur accusantium voluptatem perferendis aut. Perferendis aut accusantium sit consequatur voluptatem. Accusantium voluptatem sit aut consequatur perferendis. Voluptatem sit perferendis consequatur aut accusantium. Consequatur accusantium voluptatem perferendis aut sit.",34.4716605150,"SedEx Company"
c8d40df9d36d4dab8509ac83aa739f66,de32fd244f6647a7b9037caadedbd04d,2737d2863ff14c0c93c804e0a3673371,"Small Reprehenderit Box","Voluptatem consequatur sit perferendis aut accusantium. Aut perferendis voluptatem consequatur accusantium sit. Consequatur aut accusantium perferendis voluptatem sit. Perferendis accusantium voluptatem sit consequatur aut. Voluptatem accusantium consequatur perferendis aut sit. Voluptatem accusantium consequatur perferendis aut sit. Sit consequatur accusantium perferendis aut voluptatem. Perferendis voluptatem consequatur aut sit accusantium.",2.5082674160,"EaqueVoluptas CO."
c945b9659d9c4f478f0d0bd0b90854ed,75f6de5bb0ca4fb99bef8b2f9fe0c2dd,08ed3be014194feab10a409af560a1bf,"Useful Itaque Tool","Voluptatem aut accusantium consequatur sit perferendis. Accusantium perferendis sit aut voluptatem consequatur. Sit consequatur perferendis accusantium aut voluptatem.",10.6723362120,"QuasMollitia CO."
ca827e229eca4adcb8095e80a5cd64e8,2e299bfe71894efe96adc6a5a312743b,f753a55455524d7088ffd67839bbc355,"Multiple Magnam Kit","Perferendis sit accusantium consequatur voluptatem aut. Aut perferendis voluptatem consequatur sit accusantium. Aut perferendis voluptatem consequatur sit accusantium.",5.5842414374,"ProvidentPerferendis & Sons"
ce66e9bfb66e4575aaae9cb6bee9bd34,fdfb2ff109b64b77a5780d93f05dc934,3a79c93abd704112b6de24190a2ce009,"Small Expedita Box","Voluptatem perferendis consequatur accusantium aut sit. Aut voluptatem consequatur accusantium perferendis sit. Accusantium voluptatem aut consequatur perferendis sit. Voluptatem accusantium aut sit perferendis consequatur. Perferendis accusantium voluptatem sit aut consequatur.",14.7061503827,"ExplicaboLaborum Supplier"
dbc06b2c081a43deb21c0ed5840bb4b8,7e32ae2f278541728bfa2308d6bc5644,0d86829852d04b46b6fd74daf72e9b88,"Wooden Ea Fencing","Perferendis accusantium voluptatem consequatur aut sit. Sit voluptatem aut accusantium perferendis consequatur. Perferendis consequatur sit accusantium voluptatem aut. Sit voluptatem consequatur perferendis aut accusantium. Sit perferendis accusantium aut consequatur voluptatem. Voluptatem consequatur sit accusantium aut perferendis. Perferendis aut voluptatem accusantium sit consequatur. Voluptatem consequatur accusantium sit perferendis aut.",43.9456495473,"QuodIusto Inc."
dde7a6acc89d4480ab9f268584c2a499,034e62e92a1d439a9e15c17821414da5,af0ebf91b8b44ef79498d51f6b827c3b,"Useful Eveniet Tool","Voluptatem perferendis consequatur accusantium sit aut. Perferendis consequatur aut accusantium voluptatem sit. Accusantium perferendis sit consequatur aut voluptatem. Perferendis accusantium sit voluptatem aut consequatur. Aut perferendis voluptatem sit accusantium consequatur. Consequatur sit voluptatem aut perferendis accusantium. Perferendis accusantium sit consequatur voluptatem aut. Consequatur accusantium voluptatem perferendis aut sit. Consequatur perferendis voluptatem aut sit accusantium.",54.5807129067,"CorruptiEt & Sons"
dec7bd1b5239445e9ec634df5a8b2d28,3f7753e305744eeb976032af8e2c1674,71478f4cc80a44dc8e0ddd6c090faaea,"Large Enim Case","Accusantium perferendis consequatur voluptatem sit aut. Consequatur sit aut accusantium perferendis voluptatem. Consequatur sit accusantium voluptatem aut perferendis. Aut sit voluptatem consequatur perferendis accusantium. Consequatur sit accusantium voluptatem perferendis aut.",14.9360903998,"VoluptatesUt & Sons"
e00e8d51a91a4c0e8687420628c0e467,6e752675c611462cb236da7f020fd8dc,1920a676bfd7417a8fda0dd4ce7868c5,"Steel Aliquid Siding","Consequatur accusantium voluptatem perferendis aut sit. Voluptatem sit consequatur accusantium perferendis aut. Sit voluptatem consequatur perferendis aut accusantium. Consequatur accusantium sit perferendis aut voluptatem.",86.5120275266,"ARerum Inc."
e76262433e884ee3a8b3bf81f7e38538,620ab9269d944e01abcf740679bb5a0d,1c4e3172ed44450c95367fb9c38e58bd,"Multiple Modi Kit","Consequatur voluptatem aut perferendis sit accusantium. Consequatur voluptatem perferendis sit accusantium aut. Perferendis sit consequatur accusantium voluptatem aut. Consequatur perferendis accusantium aut voluptatem sit. Aut accusantium sit consequatur perferendis voluptatem. Sit aut perferendis accusantium consequatur voluptatem. Sit aut perferendis voluptatem accusantium consequatur. Perferendis consequatur accusantium sit voluptatem aut.",75.2857898313,"IureUnde & Sons"
e869c02ad74b4151a9c7cd59c0603c60,db551005ee324be089df6fb617af2417,8e7c1258925a4feebf2bbbeb7a64fa7e,"Steel Ad Siding","Consequatur sit aut accusantium perferendis voluptatem. Perferendis accusantium sit voluptatem aut consequatur. Perferendis consequatur sit voluptatem aut accusantium. Consequatur accusantium perferendis voluptatem sit aut. Consequatur voluptatem accusantium sit aut perferendis. Voluptatem consequatur aut perferendis sit accusantium. Aut accusantium sit consequatur perferendis voluptatem. Voluptatem sit perferendis accusantium consequatur aut.",1.9361993493,"DolorAmet Inc."
e8cf7e4dbbb94ce3aab04ee30c004973,d2520e0de46744adae76f435fc41aa0c,fa320a5611e74b199fc65a3337df2970,"Small Repellendus Box","Consequatur accusantium aut voluptatem sit perferendis. Aut accusantium sit voluptatem perferendis consequatur.",15.3042749589,"CommodiNesciunt Company"
ea5eb236806c49a3a4826a115266b382,0fe4b62d3931473d808c249f35a6694f,a14385f4bc65489da0b560f547c7bce0,"Useful Illo Tool","Perferendis sit consequatur accusantium voluptatem aut. Consequatur voluptatem sit perferendis aut accusantium. Consequatur aut accusantium perferendis sit voluptatem. Aut sit consequatur voluptatem perferendis accusantium. Voluptatem perferendis aut sit accusantium consequatur. Consequatur perferendis aut voluptatem sit accusantium. Accusantium sit voluptatem aut perferendis consequatur.",16.1306969947,"TeneturNostrum Incorporate"
ec21d983f1384d16a28ad358adce0fc8,53745fe0ad004fd494b87cc08ff7ae54,5e48dcb5015d45868186a143fddd2345,"Wooden Quis Fencing","Voluptatem sit accusantium aut perferendis consequatur. Sit voluptatem perferendis consequatur accusantium aut. Voluptatem perferendis accusantium aut consequatur sit.",52.4973037277,"CumAccusamus CO."
ee2654039eba49e7ab5e2e4003ad4e82,6f9f27076bf641a6b20efab41441c503,5ff960f81e034348a7f316204607f88d,"Useful Vero Tool","Perferendis voluptatem accusantium aut sit consequatur. Accusantium voluptatem perferendis aut consequatur sit. Accusantium consequatur voluptatem perferendis aut sit. Accusantium voluptatem aut perferendis consequatur sit.",15.8453522663,"HarumAspernatur Supplier"
ee9972f23f7e4fe092fc9198376a9445,b94c77f979c042dc9b0a63b149774651,833d602f1e454060a3e214010a746a27,"Useful Culpa Tool","Accusantium voluptatem aut perferendis sit consequatur. Consequatur accusantium aut sit perferendis voluptatem. Aut voluptatem perferendis sit consequatur accusantium. Sit perferendis voluptatem aut consequatur accusantium.",3.8170200071,"LaborumDucimus Supplier"
eea8be6efce34c8097ab62c9835d63d6,46fefc5dad294a6095784ebd0054fc52,722d92d84abd452aa7b24003cb2fba84,"Heavy Molestias Bucket","Consequatur aut perferendis accusantium sit voluptatem. Accusantium sit aut voluptatem perferendis consequatur.",25.5289725817,"EarumEa Company"
f4bf2f3b1ad041b99df66686cbda4069,29ffa663cc4c40e6b8ece3269a846533,3bd339bc028040edbd5ab15a6ce6577e,"Heavy Eaque Bucket","Perferendis consequatur accusantium voluptatem aut sit. Voluptatem aut sit accusantium perferendis consequatur. Perferendis sit accusantium voluptatem aut consequatur. Aut accusantium perferendis voluptatem consequatur sit. Sit aut voluptatem perferendis accusantium consequatur. Aut voluptatem consequatur accusantium sit perferendis. Aut accusantium perferendis sit voluptatem consequatur.",55.2209628595,"QuaeratNatus & Sons"
f51b6fe0ae004512ad5cac62305aa958,12df17689a31425caafcd74234039530,1f338befe93a4384a728369174c0e9cb,"Heavy Libero Bucket","Accusantium consequatur voluptatem perferendis sit aut. Accusantium aut perferendis sit voluptatem consequatur. Aut voluptatem accusantium sit perferendis consequatur. Consequatur accusantium aut sit perferendis voluptatem. Perferendis voluptatem sit accusantium consequatur aut. Aut sit perferendis voluptatem accusantium consequatur. Sit perferendis accusantium consequatur voluptatem aut. Voluptatem sit consequatur perferendis aut accusantium. Voluptatem accusantium aut consequatur sit perferendis. Sit aut accusantium consequatur voluptatem perferendis.",7.2633037126,"VoluptatibusEarum Company"
f53026a577ba4d86836231e15382ba17,501ee35d92b24a568e0ca6243031ffa0,bbc6d19fe3144481b4077b2ed9aa3ebe,"Large Iure Case","Consequatur aut perferendis sit voluptatem accusantium. Sit voluptatem aut accusantium consequatur perferendis. Perferendis voluptatem accusantium sit aut consequatur. Consequatur perferendis accusantium voluptatem sit aut. Voluptatem sit aut accusantium consequatur perferendis. Consequatur accusantium sit perferendis aut voluptatem. Voluptatem consequatur sit accusantium perferendis aut.",84.8772058492,"QuasiSunt & Sons"
f6b407a6158c45b889ee165999ad5d5b,8f668f585c1547508265d1af96a7dca8,e197b2e9d8694f66a21c7ef0483efc56,"Heavy Minima Bucket","Perferendis sit voluptatem aut accusantium consequatur. Perferendis voluptatem sit accusantium aut consequatur. Aut consequatur voluptatem accusantium perferendis sit. Consequatur voluptatem accusantium aut sit perferendis. Perferendis aut voluptatem sit consequatur accusantium. Sit aut consequatur perferendis accusantium voluptatem. Accusantium voluptatem perferendis sit consequatur aut.",23.2625477641,"PerferendisCumque Incorporate"
f82564ef02d24b4593cce2aae301000c,18279a5eead645bf9dc8468f890d2eb7,3bd339bc028040edbd5ab15a6ce6577e,"Heavy Perspiciatis Bucket","Voluptatem consequatur perferendis aut accusantium sit.",9.1646960507,"QuaeratNatus & Sons"
f84f63aa61354db0a50e1de47d59bd50,4c6e0b2d51a44191b3d74b0867095b94,dc7de42166684da6a721732c808546bd,"Heavy Voluptatem Bucket","Sit consequatur perferendis aut voluptatem accusantium. Consequatur accusantium aut perferendis sit voluptatem. Voluptatem aut consequatur accusantium perferendis sit. Aut sit consequatur accusantium voluptatem perferendis. Consequatur aut perferendis accusantium voluptatem sit. Aut perferendis accusantium sit voluptatem consequatur. Consequatur voluptatem aut perferendis sit accusantium. Perferendis accusantium consequatur voluptatem aut sit. Sit consequatur perferendis accusantium voluptatem aut. Consequatur perferendis voluptatem accusantium aut sit.",5.2020329100,"PariaturEos CO."
fb0212c0a1cf4d27984a8889cecb6a40,b5e73eeb90d64aa98dafd63fd01d4a47,e9409e8307ec45d796bc38cce9d350a7,"Small Rerum Box","Voluptatem consequatur accusantium aut perferendis sit. Accusantium perferendis aut sit consequatur voluptatem. Sit accusantium voluptatem perferendis aut consequatur.",24.1821713114,"IllumQuos Supplier"
ffa345f87c2748f6a5758523a340ed02,0543e96d7c2947d2b54a560796b1c284,7ec36ce49ad24619a1bd38510bd1e8e4,"Steel Eos Siding","Sit aut consequatur accusantium voluptatem perferendis. Accusantium voluptatem sit aut consequatur perferendis. Consequatur sit perferendis accusantium aut voluptatem. Aut accusantium consequatur voluptatem perferendis sit. Consequatur aut voluptatem perferendis sit accusantium.",76.6400095759,"OmnisEx Incorporate"
ffa51f2079bf4facb5cf1ddf90f13fa1,b835aa709be94b848b55cac4a9a9dd51,e9409e8307ec45d796bc38cce9d350a7,"Heavy Voluptates Bucket","Accusantium consequatur sit perferendis voluptatem aut. Voluptatem consequatur accusantium sit perferendis aut. Accusantium consequatur voluptatem perferendis sit aut. Voluptatem perferendis sit accusantium aut consequatur. Aut consequatur sit accusantium perferendis voluptatem.",7.8344666362,"IllumQuos Supplier"
